voornaam,achternaam,gebruikersnaam,wachtwoord
Emma,de Vries,edevries,3g2Rw9sT1x
Daan,van Dijk,dvandijk,7hY4uP0w6e
Sophie,Bakker,sbakker,9jK1lM3n0b
Lucas,van den Berg,lvdberg,2eL8tS7y0n
Lotte,Jansen,ljansen,4fR9dG1h7w
Milan,Smit,msmit,6uP3iA2s9m
Noa,Kok,nkok,8bN6jK4o7l
Liam,de Boer,ldeboer,1vF3gH6j9m
Eva,van der Meer,evdmeer,5sA9dF2g4h
Finn,van Leeuwen,fvleeuwen,0qW3rE5t7y
Anna,van der Velden,avdvelden,2kL4jH6u8i
Max,van der Pol,mvdpol,3rE7tY1u4i
Julia,Koning,jkoning,9wE3rT1y6u
Sam,Visser,svisser,7iK3jM5n8b
Sophia,van der Wal,svdwal,0qW4eR7t1y
Thomas,van Beek,tvanbeek,5dF9gH2j4k
Isa,Vos,ivos,6nB8mK4l7o
Sem,de Graaf,sdegraaf,4sA6dF8g3h
Mila,van der Linden,mvdlinden,1xZ3cV5b7n
Tygo,Bos,tbos,8vC3xQ6w9e
ZoÃ«,van der Laan,zvdl,2kL4jH6u8i
Lars,van der Heijden,lvdheijden,3rE7tY1u4i
Nina,van der Horst,nvdhorst,9wE3rT1y6u
Ruben,van der Velden,rvdvelden,7iK3jM5n8b
Elin,van der Pol,evdpol,0qW4eR7t1y
Jesse,van der Wal,jvdwal,5dF9gH2j4k
Fleur,van Beek,fvanbeek,6nB8mK4l7o
Ties,Vos,tvos,4sA6dF8g3h
Luna,de Graaf,ldgr,1xZ3cV5b7n
